<?xml version="1.0" encoding="UTF-8"?>
<metadata xml:lang="en"><Esri><CreaDate>20181208</CreaDate><CreaTime>02173400</CreaTime><ArcGISFormat>1.0</ArcGISFormat><SyncOnce>TRUE</SyncOnce><DataProperties><lineage><Process ToolSource="d:\program files\arcgis\server\framework\runtime\arcgis\Resources\ArcToolbox\toolboxes\Data Management Tools.tbx\CopyFeatures" Date="20181208" Time="021734">CopyFeatures price_time_distance_BR c:\arcgisserver\directories\arcgisjobs\tasks_gpserver\jf045d2debd904df591ddf0cbd7a64da6\scratch\SummarizeQNPrice\price_time_distance_BR.shp # # # #</Process></lineage></DataProperties></Esri></metadata>
