<?xml version="1.0" encoding="UTF-8"?>
<metadata xml:lang="en"><Esri><CreaDate>20181208</CreaDate><CreaTime>00393400</CreaTime><ArcGISFormat>1.0</ArcGISFormat><SyncOnce>TRUE</SyncOnce><DataProperties><lineage><Process ToolSource="d:\program files\arcgis\server\framework\runtime\arcgis\Resources\ArcToolbox\toolboxes\Data Management Tools.tbx\CopyFeatures" Date="20181208" Time="003934">CopyFeatures MN_airbnbs c:\arcgisserver\directories\arcgisjobs\tasks_gpserver\j416b6903abeb4f7f9437507aa22c4335\scratch\BR_airbnb\MN_airbnbs.shp # # # #</Process></lineage></DataProperties></Esri></metadata>
